stamp,image_file,width,height,rtsp_url
1780364259.506902933,hikvision_1780364259_506903.png,3840,2160,rtsp://admin:****@192.168.1.64:554/Streaming/Channels/101
1780367357.769443989,hikvision_1780367357_769444.png,3840,2160,rtsp://admin:****@192.168.1.64:554/Streaming/Channels/101
1780367360.704298019,hikvision_1780367360_704298.png,3840,2160,rtsp://admin:****@192.168.1.64:554/Streaming/Channels/101
1780367361.711952448,hikvision_1780367361_711952.png,3840,2160,rtsp://admin:****@192.168.1.64:554/Streaming/Channels/101
1780368376.992716551,hikvision_1780368376_992717.png,3840,2160,rtsp://admin:****@192.168.1.64:554/Streaming/Channels/101
1780368378.524781227,hikvision_1780368378_524781.png,3840,2160,rtsp://admin:****@192.168.1.64:554/Streaming/Channels/101
1780368380.261433840,hikvision_1780368380_261434.png,3840,2160,rtsp://admin:****@192.168.1.64:554/Streaming/Channels/101
